{
    "N": [1900, 2040, 2180, 2320, 2460, 2600, 2740, 2880, 3020, 3160],
    "CLANG":
    {
        "0": [1227.443933, 1487.974882, 1808.791876, 2177.220106, 2667.130947, 3061.964035, 3563.474178, 4104.070902, 5023.924828, 5479.063988],
        "1": [818.0, 816.0, 820.0, 824.0, 824.0, 819.0, 819.0, 821.0, 822.0, 824.0],
        "2": [824.0, 824.0, 827.0, 825.0, 828.0, 831.0, 829.0, 833.0, 835.0, 832.0],
        "3": [831.0, 831.0, 835.0, 836.0, 836.0, 837.0, 837.0, 839.0, 846.0, 845.0],
        "4": [838.0, 839.0, 841.0, 845.0, 845.0, 805.0, 848.0, 851.0, 849.0, 850.0],
        "8": [860.0, 859.0, 869.0, 868.0, 869.0, 873.0, 878.0, 878.0, 884.0, 885.0],
        "16": [909.0, 920.0, 922.0, 928.0, 932.0, 938.0, 944.0, 947.0, 952.0, 961.0]
    }
}
