{
    "N": [1900, 2040, 2180, 2320, 2460, 2600, 2740, 2880, 3020, 3160],
    "CLANG":
    {
        "0": [113.81197, 139.347076, 164.695024, 198.449135, 235.053062, 273.869991, 327.507973, 371.850967, 420.938015, 484.66897],
        "min-std": [10.59597581, 12.70502432, 15.64295942, 17.73268337, 21.77993975, 24.76955924, 27.85121238, 32.17264166, 37.06622868, 41.47697308],
        "max-std": [11.60700299, 13.70431008, 16.35852338, 19.59912483, 23.36725845, 25.77718536, 31.19135402, 33.64735974, 39.17807632, 48.02465012],
        "std": [11.1014894, 13.2046672, 16.0007414, 18.6659041, 22.5735991, 25.2733723, 29.5212832, 32.9100007, 38.1221525, 44.7508116],
        "min": [9.871039, 12.479441, 15.404712, 17.226452, 21.59456, 23.856828, 27.49646, 31.379619, 36.292364, 40.967751]
    }
}
