{
    "N": [1900, 2040, 2180, 2320, 2460, 2600, 2740, 2880, 3020, 3160],
    "CLANG":
    {
        "1": [381.717233, 469.601572, 569.99434, 670.480905, 728.712647, 901.244894, 981.756879, 1197.16749, 1393.8205, 1566.922233],
        "2": [1047.0, 1007.0, 1120.0, 1114.0, 1150.0, 1250.0, 1354.0, 1538.0, 1781.0, 2047.0],
        "3": [1055.0, 1059.0, 1145.0, 1115.0, 1106.0, 1124.0, 1134.0, 1161.0, 1176.0, 1362.0],
        "4": [1075.0, 1063.0, 1181.0, 1141.0, 1133.0, 1200.0, 1278.0, 1184.0, 1231.0, 1353.0],
        "8": [1189.0, 1181.0, 1232.0, 1233.0, 1219.0, 1246.0, 1278.0, 1292.0, 1327.0, 1470.0],
        "16": [1431.0, 1428.0, 1462.0, 1464.0, 1483.0, 1492.0, 1512.0, 1535.0, 1541.0, 1714.0]
    }
}
