{
    "N": [1900, 2040, 2180, 2320, 2460, 2600, 2740, 2880, 3020, 3160],
    "CLANG":
    {
        "0": [11.552095, 14.795065, 18.079996, 21.908998, 26.443005, 39.657831, 35.218954, 40.904999, 43.753862, 57.521105]
    }
}
