{"N": [1900, 2040, 2180, 2320, 2460, 2600, 2740, 2880, 3020, 3160], "CLANG": {"0": [1017.51399, 1263.028145, 1533.025026, 1851.683855, 2114.161968, 2498.664856, 2936.110973, 3340.358973, 3865.714788, 4414.188147], "1": [1295.89416, 1611.892742, 1865.634248, 2240.953386, 2694.486011, 3124.109909, 3619.412336, 4267.157783, 4810.826278, 5574.917669], "2": [667.336544, 784.906396, 970.576189, 1141.572924, 1414.903081, 1606.904523, 1907.160264, 2250.784475, 2555.918481, 2857.393446], "3": [665.149247, 810.258406, 1420.425283, 1148.059051, 1768.245968, 1676.962243, 1867.514855, 2295.459659, 2935.571524, 2842.473328], "4": [675.904809, 1028.561522, 994.05183, 1647.911504, 1912.912379, 2469.997146, 2809.122653, 2353.714045, 2643.520765, 4123.836741], "8": [1751.254703, 1939.372854, 2030.404361, 3101.890958, 2836.777646, 4380.230652, 4169.775668, 4441.560165, 5406.245736, 8471.279843], "16": [2996.555675, 3882.062342, 4658.563372, 5589.900141, 6566.054993, 8424.012449, 9658.330211, 10924.460739, 10741.221754, 13980.119323]}}