{
    "N": [1900, 2040, 2180, 2320, 2460, 2600, 2740, 2880, 3020, 3160],
    "CLANG":
    {
        "1": [381.717233, 469.601572, 569.99434, 670.480905, 728.712647, 901.244894, 981.756879, 1197.16749, 1393.8205, 1566.922233],
        "2": [204.124292, 249.109989, 301.061876, 344.508149, 409.722029, 473.359523, 529.379248, 598.2484, 710.261757, 784.341229],
        "3": [194.082547, 282.862195, 280.71437, 326.339939, 395.145833, 436.121153, 504.492542, 600.798218, 680.264762, 755.103886],
        "4": [121.808982, 136.574243, 166.112123, 194.454021, 230.586824, 253.177633, 300.481283, 332.853497, 376.05957, 419.596072],
        "8": [259.105574, 299.56027, 360.420086, 395.492739, 499.43625, 511.807501, 622.114673, 775.153371, 810.476574, 874.626523],
        "16": [560.167131, 597.878367, 694.142088, 760.157062, 991.258934, 1131.530317, 1179.464593, 1430.307515, 1647.266206, 1945.849617]
    }
}
